,median_income,median_house_value
0,6.6085,344700.0
1,3.599,176500.0
2,5.7934,270500.0
3,6.1359,330000.0
4,2.9375,81700.0
5,1.6635,67000.0
6,1.6641,67000.0
7,3.225,166900.0
8,3.6696,194400.0
9,2.3333,164200.0
10,2.2054,125000.0
11,2.4167,58300.0
12,4.69,252600.0
13,4.5625,231200.0
14,5.7121,222500.0
15,2.2,153100.0
16,1.875,181300.0
17,2.7174,137500.0
18,6.5851,300000.0
19,6.1724,414300.0
20,3.8913,126300.0
21,3.1786,83400.0
22,3.8644,241500.0
23,2.7788,115400.0
24,3.8156,150700.0
25,7.1615,484700.0
26,2.5403,250000.0
27,6.603,369200.0
28,1.583,350000.0
29,3.4852,425000.0
30,3.1486,105600.0
31,2.6182,172600.0
32,2.8102,128900.0
33,4.5237,141800.0
34,4.6389,183800.0
35,2.625,178700.0
36,2.5125,270800.0
37,5.5238,185300.0
38,3.6771,141500.0
39,4.693,232200.0
40,3.4231,83300.0
41,6.6783,275000.0
42,15.0001,500001.0
43,0.9838,79300.0
44,4.2891,214800.0
45,4.2826,237500.0
46,5.0808,212500.0
47,2.5398,105700.0
48,3.4231,123800.0
49,3.1049,173900.0
50,3.5877,160900.0
51,2.3516,47500.0
52,3.0682,156500.0
53,3.5313,187500.0
54,4.3409,191800.0
55,4.8523,175800.0
56,3.0903,91900.0
57,5.6385,196900.0
58,3.575,292200.0
59,3.9461,194300.0
60,5.8221,289400.0
61,5.898,229100.0
62,2.7153,265500.0
63,2.9063,77800.0
64,6.1273,289600.0
65,3.8409,291400.0
66,3.2246,129300.0
67,6.1561,233500.0
68,3.6602,120700.0
69,3.5855,174300.0
70,5.2831,299500.0
71,1.6888,125000.0
72,4.1379,212500.0
73,4.1369,316900.0
74,2.325,157300.0
75,3.4167,160700.0
76,3.2599,183100.0
77,3.1118,238100.0
78,6.8075,325900.0
79,7.494,439200.0
80,3.5167,137500.0
81,1.4801,212500.0
82,3.7,176000.0
83,3.0912,126300.0
84,4.3971,238900.0
85,3.5489,106400.0
86,3.5375,96700.0
87,2.6071,175900.0
88,2.1542,83800.0
89,4.0238,224200.0
90,2.8125,141700.0
91,5.1118,226900.0
92,4.3839,204600.0
93,5.0493,239800.0
94,7.5,295200.0
95,2.2466,96000.0
96,2.3194,90600.0
97,4.3029,121900.0
98,6.0,209400.0
99,2.2344,200000.0
100,1.85,116800.0
101,2.1917,112800.0
102,6.244,240000.0
103,4.2296,275000.0
104,1.6901,103500.0
105,1.8068,59000.0
106,4.0972,181400.0
107,5.215,279500.0
108,2.6371,159400.0
109,5.3292,300900.0
110,5.2017,364600.0
111,2.8529,85600.0
112,5.8777,358800.0
113,4.7931,272600.0
114,2.1422,125000.0
115,4.5625,318800.0
116,5.5137,161800.0
117,10.1007,500001.0
118,13.6623,500001.0
119,2.55,271400.0
120,4.3081,227300.0
121,1.6435,148500.0
122,1.9026,131900.0
123,2.9309,217100.0
124,10.5981,460100.0
125,3.1912,146400.0
126,2.6343,81500.0
127,6.6727,305100.0
128,4.75,500001.0
129,6.4962,182400.0
130,2.1357,187500.0
131,2.5663,197500.0
132,2.888,246400.0
133,1.1917,86900.0
134,1.8641,50800.0
135,12.6417,500001.0
136,2.8085,105700.0
137,2.4741,151200.0
138,4.5304,181300.0
139,6.8753,403000.0
140,2.4492,103800.0
141,2.2303,116700.0
142,3.7727,159700.0
143,2.125,61900.0
144,3.2174,91800.0
145,2.3036,126000.0
146,3.1389,101800.0
147,1.8958,51300.0
148,4.1118,157300.0
149,1.8095,64100.0
150,1.6156,156300.0
151,4.9464,282400.0
152,6.3433,350500.0
153,2.8214,158300.0
154,4.5721,214700.0
155,3.1776,172600.0
156,1.2778,112500.0
157,4.3036,261800.0
158,2.0564,64700.0
159,8.1926,326600.0
160,3.9745,170800.0
161,15.0001,500001.0
162,3.2229,108300.0
163,2.1522,60800.0
164,3.072,114300.0
165,3.235,210700.0
166,5.8374,289600.0
167,2.9744,136800.0
168,3.7794,96200.0
169,1.8357,104200.0
170,1.449,93100.0
171,2.8561,179100.0
172,2.4706,88800.0
173,1.8939,83000.0
174,2.0417,65900.0
175,2.7148,166800.0
176,5.6235,130600.0
177,5.8623,287800.0
178,3.3021,70800.0
179,2.3147,192500.0
180,4.0929,165000.0
181,3.9559,161100.0
182,6.7413,435900.0
183,5.0543,232000.0
184,2.1189,121700.0
185,0.4999,500001.0
186,4.027,290000.0
187,1.0333,135400.0
188,4.2969,165600.0
189,2.1902,250000.0
190,4.125,171900.0
191,4.3317,173300.0
192,2.2125,120700.0
193,4.1429,200000.0
194,3.0189,144100.0
195,2.3693,127000.0
196,2.75,153200.0
197,2.0096,155700.0
198,4.2222,108900.0
199,3.996,114500.0
200,1.625,79200.0
201,2.2551,71100.0
202,2.5841,112500.0
203,3.3155,237500.0
204,1.2412,216700.0
205,3.8047,94300.0
206,4.037,156900.0
207,3.125,167100.0
208,1.9805,173700.0
209,1.6336,124500.0
210,3.9009,178600.0
211,5.322,282700.0
212,5.3428,279300.0
213,1.4923,44400.0
214,4.7396,135500.0
215,5.9572,443800.0
216,4.175,229800.0
217,2.7778,86900.0
218,3.6389,304000.0
219,3.6538,500001.0
220,3.875,225000.0
221,3.1768,79500.0
222,2.6354,128100.0
223,4.7132,304600.0
224,2.6442,55000.0
225,4.8304,224900.0
226,2.3333,157700.0
227,3.6167,200000.0
228,2.7232,123200.0
229,3.8934,251800.0
230,5.5,179500.0
231,3.3981,246900.0
232,4.1856,404700.0
233,0.9817,166300.0
234,5.1674,333000.0
235,2.0575,67000.0
236,5.8309,309100.0
237,3.662,211900.0
238,5.3245,250000.0
239,3.4402,192400.0
240,2.5374,97200.0
241,7.1298,278600.0
242,1.9032,100000.0
243,3.0139,61500.0
244,3.1607,57500.0
245,2.0437,309100.0
246,4.625,248800.0
247,3.1086,105800.0
248,5.8083,321800.0
249,2.5437,146400.0
250,4.4107,232700.0
251,3.0739,218600.0
252,4.436,135000.0
253,2.9698,93400.0
254,3.2759,195000.0
255,6.7805,392900.0
256,3.2778,148800.0
257,6.8643,333700.0
258,1.5227,71000.0
259,3.1445,438300.0
260,2.7312,147100.0
261,5.5591,136500.0
262,3.875,273000.0
263,6.1995,407200.0
264,2.8906,140600.0
265,2.0724,107600.0
266,3.875,94500.0
267,2.0057,68200.0
268,2.5029,159700.0
269,2.2024,45000.0
270,1.7311,182600.0
271,4.0667,276900.0
272,3.0911,86900.0
273,4.5341,236500.0
274,4.087,134800.0
275,3.4338,195200.0
276,3.0104,204200.0
277,2.3971,99400.0
278,2.7308,139000.0
279,3.3479,182100.0
280,6.0876,483800.0
281,3.9792,210200.0
282,3.3155,231000.0
283,4.9519,500001.0
284,1.7196,75000.0
285,4.4125,144600.0
286,5.3623,201300.0
287,3.2415,172200.0
288,3.9375,187000.0
289,3.2699,100000.0
290,6.2306,500001.0
291,3.7961,162700.0
292,3.3799,239300.0
293,3.3393,168600.0
294,3.0687,88500.0
295,5.4132,216600.0
296,5.9401,315300.0
297,2.8533,137500.0
298,6.1195,251100.0
299,3.5353,164700.0
300,2.7955,183100.0
301,1.65,94200.0
302,0.8478,104900.0
303,3.9036,180800.0
304,1.9962,50800.0
305,1.9704,160300.0
306,3.1711,200800.0
307,3.5745,333700.0
308,8.5938,500001.0
309,3.0521,276600.0
310,3.4,155500.0
311,4.6806,209400.0
312,2.7457,107800.0
313,2.5504,151300.0
314,3.5114,138800.0
315,6.1946,276100.0
316,1.3286,81800.0
317,3.625,329400.0
318,3.1957,159200.0
319,4.1302,258300.0
320,4.3906,500001.0
321,5.4496,238900.0
322,4.1012,244700.0
323,5.0353,305800.0
324,2.25,281300.0
325,3.625,156300.0
326,3.5694,278600.0
327,2.6719,161200.0
328,6.223,260700.0
329,3.733,163500.0
330,3.1786,100600.0
331,1.8723,52600.0
332,3.625,440900.0
333,1.6033,67500.0
334,2.7083,161800.0
335,1.6378,60300.0
336,4.7056,165500.0
337,6.4576,500001.0
338,3.9219,205200.0
339,2.0807,142600.0
340,2.75,146000.0
341,2.3077,140600.0
342,3.6298,108500.0
343,3.375,98500.0
344,4.875,258800.0
345,2.3221,161600.0
346,4.0,154700.0
347,3.4279,84700.0
348,4.5417,238900.0
349,2.9345,225000.0
350,4.1429,303600.0
351,3.8684,265600.0
352,5.1433,185300.0
353,2.4583,75000.0
354,3.4722,243100.0
355,9.8214,500001.0
356,3.1711,104200.0
357,4.7986,236500.0
358,2.0474,61300.0
359,3.8583,193200.0
360,4.0435,132600.0
361,4.2222,500001.0
362,3.8571,143800.0
363,2.465,198700.0
364,2.9286,237500.0
365,2.7308,150400.0
366,3.4643,85100.0
367,3.9167,285200.0
368,0.9589,90000.0
369,2.2981,105400.0
370,1.2813,56400.0
371,2.5603,174200.0
372,3.1975,252400.0
373,2.7451,255400.0
374,5.9641,275000.0
375,3.1028,106400.0
376,3.2188,113800.0
377,2.6538,231800.0
378,3.3669,158900.0
379,3.09,174100.0
380,3.25,112500.0
381,6.203,346800.0
382,6.9742,500001.0
383,0.9914,147500.0
384,2.5701,266700.0
385,1.3867,193800.0
386,3.0773,112500.0
387,3.0905,78200.0
388,2.6745,225000.0
389,10.9722,500001.0
390,2.0789,92400.0
391,3.25,177500.0
392,5.457,337300.0
393,2.5909,176000.0
394,4.1375,222400.0
395,3.2375,114200.0
396,3.3669,376100.0
397,6.939,372000.0
398,2.3261,98400.0
399,6.827,359400.0
400,3.2969,229900.0
401,5.17,335400.0
402,2.9375,206500.0
403,4.0993,83000.0
404,5.1061,257500.0
405,3.8661,168100.0
406,3.6467,346700.0
407,2.2431,63400.0
408,3.0685,162500.0
409,2.6962,288200.0
410,0.8668,137500.0
411,5.2962,291500.0
412,3.3375,186200.0
413,3.2431,221400.0
414,2.9861,171800.0
415,2.4531,229000.0
416,3.0588,145200.0
417,3.0919,185400.0
418,5.3366,165100.0
419,2.5625,154300.0
420,2.2625,132900.0
421,2.0817,104600.0
422,5.273,187600.0
423,3.6974,286600.0
424,1.2826,145500.0
425,3.8026,270000.0
426,4.7022,172800.0
427,7.7201,362700.0
428,4.2672,219400.0
429,3.0723,137300.0
430,3.7045,128100.0
431,2.6058,92200.0
432,3.3036,141000.0
433,4.0408,225900.0
434,2.3864,350000.0
435,4.0417,99300.0
436,3.2708,159700.0
437,2.2898,66100.0
438,3.25,88900.0
439,5.5,289700.0
440,4.4135,272300.0
441,3.2287,264900.0
442,3.52,284200.0
443,2.7569,127500.0
444,5.0681,230500.0
445,6.194,500001.0
446,3.7366,121800.0
447,4.5913,244600.0
448,3.5903,183300.0
449,4.6932,332800.0
450,6.0382,355300.0
451,5.1509,426500.0
452,4.5122,113300.0
453,4.2386,283700.0
454,3.75,478600.0
455,2.6311,124100.0
456,2.5321,105100.0
457,3.875,280800.0
458,2.4821,73800.0
459,6.3489,337900.0
460,3.7455,159600.0
461,7.5057,328500.0
462,3.8068,500001.0
463,3.1897,155000.0
464,2.4792,88800.0
465,5.357,355200.0
466,6.5226,258500.0
467,1.6722,59100.0
468,4.7097,262100.0
469,2.2356,119500.0
470,3.1765,135000.0
471,3.1927,252600.0
472,1.8319,55400.0
473,3.9741,141100.0
474,10.476,500001.0
475,2.9803,115400.0
476,2.7993,145500.0
477,2.1587,143800.0
478,2.1108,200000.0
479,1.3967,46500.0
480,4.3836,102000.0
481,12.3767,500001.0
482,1.3021,100000.0
483,1.5417,57500.0
484,5.057,246300.0
485,4.25,241700.0
486,4.2333,363300.0
487,4.6364,156300.0
488,2.06,85500.0
489,5.6687,207300.0
490,4.125,173900.0
491,5.187,153800.0
492,5.0,329400.0
493,5.7512,240200.0
494,1.9694,173200.0
495,2.5625,60000.0
496,4.5938,102600.0
497,2.0817,113300.0
498,3.3702,370000.0
499,3.2171,230800.0
500,5.1637,500001.0
501,1.0424,81400.0
502,10.9529,500001.0
503,3.4542,121200.0
504,2.8348,101600.0
505,3.75,123100.0
506,11.806,500001.0
507,2.293,71700.0
508,2.1757,110100.0
509,7.3693,373600.0
510,4.55,187700.0
511,2.3929,156800.0
512,1.3844,177500.0
513,2.66,189200.0
514,3.9044,436400.0
515,4.3636,201800.0
516,2.9191,111800.0
517,4.2768,181400.0
518,1.6389,96700.0
519,1.075,67500.0
520,3.375,178100.0
521,3.1908,137900.0
522,1.9018,109700.0
523,3.5838,271300.0
524,2.4297,162500.0
525,3.5046,118300.0
526,7.0102,500001.0
527,4.3182,252700.0
528,2.9,185200.0
529,1.7143,113300.0
530,1.4653,310000.0
531,10.8111,500001.0
532,5.1589,167800.0
533,3.2879,95500.0
534,3.2833,82600.0
535,2.6033,162900.0
536,2.6149,84400.0
537,5.0195,200200.0
538,3.293,337500.0
539,4.45,348300.0
540,4.375,224700.0
541,4.7396,441700.0
542,3.7375,247700.0
543,3.676,135000.0
544,2.1496,97700.0
545,6.3021,333800.0
546,2.3889,53200.0
547,3.8571,174500.0
548,4.2014,143200.0
549,4.0313,299300.0
550,4.6424,312700.0
551,4.3125,267200.0
552,5.1099,213100.0
553,4.125,359500.0
554,6.2296,291700.0
555,9.7449,500001.0
556,3.3125,100000.0
557,2.67,187500.0
558,1.3952,43100.0
559,3.2569,201500.0
560,6.0471,248400.0
561,3.0509,82700.0
562,3.5871,347100.0
563,1.1607,51700.0
564,9.5908,350000.0
565,2.0571,152300.0
566,2.532,172700.0
567,2.375,154400.0
568,4.2644,284100.0
569,4.8958,142500.0
570,3.4531,263900.0
571,6.1815,288500.0
572,2.0192,63700.0
573,1.8672,145800.0
574,3.7014,179600.0
575,3.875,137500.0
576,3.5,183000.0
577,4.4,209500.0
578,3.6486,229000.0
579,2.125,63300.0
580,5.0445,196200.0
581,8.2374,500001.0
582,2.7632,158900.0
583,5.3994,237900.0
584,6.1551,291800.0
585,2.0577,56700.0
586,4.75,190500.0
587,1.7891,60500.0
588,3.2632,138100.0
589,3.2109,376000.0
590,4.6556,199600.0
591,3.4821,170600.0
592,3.9352,406900.0
593,3.0583,160300.0
594,3.625,125000.0
595,2.1898,65500.0
596,2.5402,157500.0
597,6.6073,258100.0
598,2.2813,150700.0
599,3.5625,125700.0
600,1.5938,57600.0
601,4.5726,177500.0
602,1.9531,162500.0
603,4.1827,435100.0
604,5.3363,160800.0
605,4.0125,230100.0
606,1.5029,100000.0
607,2.5383,74000.0
608,3.5781,92800.0
609,2.6724,144500.0
610,2.6818,114100.0
611,2.2607,165600.0
612,1.55,100600.0
613,1.575,57100.0
614,4.3625,158800.0
615,3.0833,88400.0
616,3.0437,76600.0
617,1.7622,167900.0
618,3.8333,93800.0
619,3.8472,293300.0
620,3.6378,126100.0
621,2.5139,279500.0
622,5.1785,247300.0
623,4.7788,276000.0
624,6.7977,389700.0
625,6.8588,302000.0
626,4.9583,342800.0
627,3.2061,120400.0
628,2.5909,125400.0
629,2.6447,137500.0
630,3.7043,150800.0
631,3.864,123400.0
632,2.4167,191700.0
633,4.0208,323100.0
634,3.3214,209300.0
635,6.7546,402400.0
636,3.7318,327700.0
637,2.8214,190100.0
638,8.3818,377600.0
639,5.2729,322900.0
640,1.6971,138800.0
641,0.536,162500.0
642,1.879,218800.0
643,5.0447,249200.0
644,1.5863,81300.0
645,6.5234,357400.0
646,5.6345,231000.0
647,2.4135,135700.0
648,3.5074,93800.0
649,1.8477,179200.0
650,4.8488,194400.0
651,2.4412,61600.0
652,3.4265,85000.0
653,2.125,140000.0
654,2.6123,161300.0
655,2.0625,88900.0
656,2.8167,183500.0
657,5.0417,240800.0
658,3.3478,184900.0
659,4.3833,115200.0
660,3.4643,175000.0
661,4.0987,202400.0
662,6.1062,274600.0
663,1.89,124000.0
664,1.8833,96900.0
665,2.9292,183400.0
666,7.7197,225000.0
667,3.0865,225000.0
668,4.1656,313100.0
669,3.5022,281300.0
670,4.0833,141000.0
671,2.5588,78800.0
672,4.2234,162100.0
673,4.1661,364400.0
674,5.1386,404500.0
675,5.4286,273400.0
676,3.75,241700.0
677,5.2292,444500.0
678,3.9375,292900.0
679,2.5272,92000.0
680,6.5538,311600.0
681,2.5,143800.0
682,2.2287,140000.0
683,1.2475,104200.0
684,2.1029,109400.0
685,5.0452,231900.0
686,10.7372,500001.0
687,2.3917,85700.0
688,4.962,161700.0
689,2.8192,162500.0
690,0.844,350000.0
691,0.8185,187500.0
692,5.5385,431800.0
693,2.1944,158300.0
694,4.2254,320900.0
695,3.3679,350000.0
696,5.777,315900.0
697,2.1763,168800.0
698,3.0682,142000.0
699,4.0391,337500.0
700,4.1875,309300.0
701,3.9375,187500.0
702,6.9615,500001.0
703,3.2708,325000.0
704,1.9231,188500.0
705,2.75,90600.0
706,2.8175,135200.0
707,4.8603,198400.0
708,3.1901,167600.0
709,5.653,225800.0
710,10.7355,500001.0
711,2.1875,76400.0
712,7.912,367300.0
713,3.5365,111800.0
714,3.6719,259800.0
715,2.7426,103100.0
716,3.6389,130400.0
717,1.8447,198200.0
718,3.9,85900.0
719,4.1364,412000.0
720,4.8125,210500.0
721,4.1812,93700.0
722,2.631,109600.0
723,5.347,219500.0
724,3.1364,301600.0
725,2.8472,218800.0
726,2.3599,168400.0
727,1.9531,100800.0
728,2.1078,100600.0
729,1.6483,60800.0
730,4.81,93600.0
731,6.0332,244900.0
732,3.1111,72400.0
733,4.1667,162500.0
734,1.9107,39800.0
735,2.8239,150600.0
736,4.6786,263200.0
737,3.2717,130700.0
738,3.1729,218700.0
739,1.0,90600.0
740,1.125,60000.0
741,4.8304,493200.0
742,2.4444,475000.0
743,5.0779,333900.0
744,5.3644,168800.0
745,3.7655,197700.0
746,1.3,162500.0
747,10.898,500001.0
748,6.358,500001.0
749,1.5854,87500.0
750,2.3769,157300.0
751,2.7757,109800.0
752,2.5179,97400.0
753,3.111,247600.0
754,3.6729,137800.0
755,4.7168,223200.0
756,1.023,54200.0
757,3.9628,215600.0
758,4.0625,138700.0
759,2.325,109700.0
760,2.7788,115700.0
761,1.6559,101400.0
762,4.1033,281000.0
763,5.552,283900.0
764,2.9135,159400.0
765,3.9929,88300.0
766,4.375,291700.0
767,1.2404,52500.0
768,4.8554,206700.0
769,1.63,49500.0
770,1.4911,75800.0
771,4.0357,295900.0
772,2.9519,140900.0
773,2.334,72200.0
774,2.7137,196400.0
775,1.8993,78400.0
776,2.75,87500.0
777,3.1106,209400.0
778,4.0625,272800.0
779,1.875,66600.0
780,3.4904,196900.0
781,6.0247,500001.0
782,3.175,94400.0
783,2.9459,144400.0
784,3.125,233300.0
785,2.9306,46300.0
786,7.8383,372700.0
787,4.6923,181000.0
788,2.5474,198100.0
789,4.55,146800.0
790,3.0469,136000.0
791,5.0362,275300.0
792,6.7559,312000.0
793,3.9464,179600.0
794,2.2532,109400.0
795,3.0278,310600.0
796,4.2386,192300.0
797,3.6827,236800.0
798,4.4427,204500.0
799,8.3678,455300.0
800,1.2012,64600.0
801,2.7083,87800.0
802,3.0755,166800.0
803,4.5833,197300.0
804,1.787,51600.0
805,2.9479,184600.0
806,2.6036,287500.0
807,4.8021,290400.0
808,4.0598,335900.0
809,3.8275,238500.0
810,4.0437,162800.0
811,3.6354,256300.0
812,1.6452,41500.0
813,2.8031,86900.0
814,2.2165,231700.0
815,4.5667,271500.0
816,1.4091,84400.0
817,5.9683,495500.0
818,2.6964,138800.0
819,4.9615,292200.0
820,3.7969,164800.0
821,3.0938,312500.0
822,6.0774,334400.0
823,5.3243,265700.0
824,5.2528,269400.0
825,4.1719,146600.0
826,1.5491,225000.0
827,3.0233,255000.0
828,2.2443,146600.0
829,4.7965,160800.0
830,2.0125,143000.0
831,4.5987,255600.0
832,2.3849,122000.0
833,2.375,107500.0
834,1.3403,110800.0
835,6.1593,344000.0
836,2.1842,75200.0
837,3.25,176700.0
838,3.7574,92700.0
839,4.1458,231500.0
840,2.625,133900.0
841,3.75,190400.0
842,4.875,141700.0
843,4.2437,164100.0
844,7.4897,362600.0
845,1.6435,52600.0
846,3.1796,170300.0
847,3.0954,86500.0
848,3.89,170000.0
849,3.2135,123600.0
850,3.2813,268100.0
851,5.6152,359900.0
852,1.6725,187500.0
853,8.4952,359600.0
854,3.6294,240000.0
855,3.2969,189000.0
856,4.2594,242400.0
857,5.1435,150800.0
858,5.9629,286000.0
859,5.8718,201400.0
860,5.3403,489800.0
861,3.0156,103000.0
862,3.3269,81900.0
863,10.3953,500001.0
864,1.2056,87500.0
865,3.1131,77100.0
866,6.4242,365500.0
867,3.5096,139900.0
868,2.1472,143400.0
869,1.6747,100000.0
870,2.8711,329600.0
871,5.375,215700.0
872,1.725,287500.0
873,5.3816,500001.0
874,4.825,195100.0
875,5.7057,262100.0
876,1.125,233300.0
877,4.6176,352300.0
878,4.2762,310100.0
879,7.2045,500001.0
880,4.9091,259700.0
881,3.0375,171900.0
882,2.3015,156800.0
883,3.2705,113200.0
884,2.2969,116700.0
885,4.4391,306700.0
886,3.1406,100000.0
887,4.419,156900.0
888,1.4639,112500.0
889,2.9605,500001.0
890,6.3443,324700.0
891,3.6791,148100.0
892,2.1287,55300.0
893,2.1141,110900.0
894,10.2264,225000.0
895,3.9783,374100.0
896,2.9167,102700.0
897,2.9219,241300.0
898,2.9464,113500.0
899,8.039,382200.0
900,6.357,322500.0
901,3.2642,185600.0
902,2.4728,139700.0
903,1.7875,55000.0
904,3.125,156300.0
905,2.7,120400.0
906,3.5893,206600.0
907,5.6787,363600.0
908,2.6673,218100.0
909,1.2101,49100.0
910,2.1336,75000.0
911,1.7106,95500.0
912,7.0875,240700.0
913,3.184,140500.0
914,3.6369,158700.0
915,4.6429,223700.0
916,2.8906,134800.0
917,3.375,350000.0
918,4.5278,181800.0
919,4.4375,191500.0
920,3.5875,309300.0
921,3.0429,129600.0
922,3.2234,82000.0
923,3.4187,200500.0
924,4.5179,225600.0
925,1.8417,84700.0
926,4.9716,162500.0
927,3.3629,137500.0
928,2.4464,102100.0
929,4.2143,228500.0
930,1.9091,71300.0
931,2.7802,162500.0
932,5.5,276800.0
933,4.1674,214000.0
934,1.6769,63200.0
935,3.7562,321200.0
936,4.9013,330100.0
937,2.2883,86900.0
938,3.0083,181900.0
939,4.2386,500001.0
940,4.9024,182900.0
941,6.2884,414700.0
942,2.5625,131100.0
943,1.125,93800.0
944,5.2741,249400.0
945,2.125,57700.0
946,6.4211,288100.0
947,4.0473,127200.0
948,4.9125,140700.0
949,4.4306,170100.0
950,2.6386,177600.0
951,2.75,231300.0
952,1.9766,108000.0
953,2.5486,161100.0
954,5.1045,161300.0
955,2.5536,117200.0
956,7.0217,357900.0
957,1.8878,51600.0
958,3.7813,192200.0
959,5.4631,225600.0
960,2.5655,116400.0
961,3.48,95300.0
962,2.3958,175000.0
963,4.6394,173400.0
964,4.1544,119400.0
965,2.4688,169000.0
966,4.0703,223800.0
967,2.3,132800.0
968,2.6442,103300.0
969,3.2663,270600.0
970,5.1585,150800.0
971,2.2292,92000.0
972,2.7857,77400.0
973,3.8333,170400.0
974,2.1635,244200.0
975,4.5739,190500.0
976,4.7547,157600.0
977,3.4872,141400.0
978,4.8811,212200.0
979,3.8529,212000.0
980,3.7286,132000.0
981,1.9318,115900.0
982,3.5568,184500.0
983,3.2933,260000.0
984,7.7517,500001.0
985,4.6,239500.0
986,3.4559,364900.0
987,3.9816,179500.0
988,4.517,152200.0
989,1.5909,221900.0
990,3.5518,184600.0
991,2.7125,166100.0
992,3.944,172500.0
993,2.5682,120000.0
994,2.964,319700.0
995,5.3909,113000.0
996,5.592,239900.0
997,11.7794,500001.0
998,3.0642,342900.0
999,1.7083,166700.0
1000,6.8927,500001.0
1001,3.5385,157400.0
1002,3.5988,84500.0
1003,2.6937,111800.0
1004,4.3812,228200.0
1005,7.745,237400.0
1006,2.5313,45800.0
1007,1.75,49800.0
1008,5.8752,274200.0
1009,3.9063,192700.0
1010,3.8214,273600.0
1011,2.3382,59600.0
1012,4.4122,282300.0
1013,4.1679,201300.0
1014,2.2794,337500.0
1015,2.3594,127800.0
1016,5.2879,231200.0
1017,6.0116,271200.0
1018,3.1042,165000.0
1019,3.6852,109800.0
1020,2.5599,151400.0
1021,3.5857,165200.0
1022,5.2374,185500.0
1023,3.6771,172200.0
1024,6.3654,331200.0
1025,1.7158,94300.0
1026,3.8185,137200.0
1027,2.7621,109100.0
1028,3.4871,136400.0
1029,2.6364,148800.0
1030,2.1838,98300.0
1031,1.7969,37500.0
1032,1.9963,76900.0
1033,5.9684,193300.0
1034,2.6429,71300.0
1035,6.1642,277800.0
1036,2.6397,164400.0
1037,2.5833,83500.0
1038,2.288,263500.0
1039,1.9342,68600.0
1040,3.244,179800.0
1041,5.0659,238000.0
1042,2.6364,93800.0
1043,5.2449,387000.0
1044,5.0406,261400.0
1045,3.3371,140500.0
1046,3.5179,197200.0
1047,2.589,242400.0
1048,1.7237,105800.0
1049,5.3423,291700.0
1050,15.0001,350000.0
1051,2.101,56700.0
1052,7.4001,500001.0
1053,2.0724,97700.0
1054,2.5893,63600.0
1055,4.6071,337400.0
1056,3.7813,389200.0
1057,3.1,71300.0
1058,3.5938,243500.0
1059,2.3333,81300.0
1060,3.194,276300.0
1061,2.625,377300.0
1062,3.8826,92400.0
1063,1.3333,310000.0
1064,2.8167,160400.0
1065,2.0819,111800.0
1066,3.3693,71800.0
1067,5.1769,133000.0
1068,2.8967,95600.0
1069,2.2614,73000.0
1070,4.5568,286900.0
1071,3.0744,457700.0
1072,3.225,135800.0
1073,1.0349,67800.0
1074,2.2538,162500.0
1075,1.9875,325000.0
1076,1.025,118800.0
1077,1.8516,85000.0
1078,1.9423,98400.0
1079,5.1645,164100.0
1080,10.0968,500001.0
1081,1.5625,162500.0
1082,3.6531,166300.0
1083,9.1232,472000.0
1084,2.6437,195000.0
1085,1.4867,124000.0
1086,5.4639,238600.0
1087,4.3542,195600.0
1088,1.2273,87500.0
1089,3.1406,417600.0
1090,5.8783,405100.0
1091,2.5703,178600.0
1092,2.9184,100500.0
1093,4.1667,171900.0
1094,3.0,175000.0
1095,2.7824,450000.0
1096,1.2344,43300.0
1097,2.5363,158800.0
1098,3.3438,500001.0
1099,2.8295,72100.0
1100,4.4784,185200.0
1101,4.3456,148900.0
1102,2.4,173900.0
1103,3.3368,121200.0
1104,3.5156,200000.0
1105,4.3646,161400.0
1106,4.2719,270800.0
1107,6.7415,348200.0
1108,3.9286,262700.0
1109,4.7986,326100.0
1110,4.3661,222100.0
1111,2.9016,159800.0
1112,3.2083,145300.0
1113,3.6304,312200.0
1114,4.4,353800.0
1115,1.625,55000.0
1116,4.0388,120400.0
1117,2.3687,146800.0
1118,1.6111,74700.0
1119,2.6781,328800.0
1120,3.2757,186000.0
1121,4.7328,351100.0
1122,3.6823,295200.0
1123,4.1387,162500.0
1124,3.765,238000.0
1125,3.6875,171500.0
1126,2.0775,121400.0
1127,3.9327,190500.0
1128,1.8618,183300.0
1129,5.0237,241900.0
1130,5.5423,248700.0
1131,2.65,123800.0
1132,2.6382,76200.0
1133,8.9083,500001.0
1134,3.535,210300.0
1135,4.8831,154400.0
1136,6.837,383000.0
1137,2.1856,120500.0
1138,4.6312,124900.0
1139,2.6722,111500.0
1140,3.9464,230300.0
1141,3.0967,144000.0
1142,4.4,391300.0
1143,5.3044,319000.0
1144,3.7813,247800.0
1145,2.1759,61500.0
1146,4.6357,244900.0
1147,1.6678,166100.0
1148,3.5,216700.0
1149,5.0091,211500.0
1150,3.8056,425000.0
1151,1.0898,93400.0
1152,2.35,95700.0
1153,6.0296,194100.0
1154,2.7375,238000.0
1155,2.1806,134900.0
1156,1.1094,52500.0
1157,2.0677,214500.0
1158,3.8081,286700.0
1159,6.8336,457200.0
1160,3.0,251400.0
1161,2.5735,130500.0
1162,3.4269,301900.0
1163,1.5319,50500.0
1164,4.2206,157700.0
1165,3.0125,111700.0
1166,5.2405,302400.0
1167,2.2656,226200.0
1168,2.5074,66400.0
1169,2.0441,73300.0
1170,4.0353,342200.0
1171,1.6488,117500.0
1172,3.7933,184400.0
1173,3.9408,170600.0
1174,3.1912,226400.0
1175,4.0686,378600.0
1176,1.1602,65000.0
1177,3.1884,135400.0
1178,4.5417,197400.0
1179,7.8601,416300.0
1180,3.4464,122900.0
1181,3.0882,148200.0
1182,4.8333,277200.0
1183,3.1546,261200.0
1184,1.8365,328600.0
1185,3.9063,198700.0
1186,8.496,500001.0
1187,7.8336,277600.0
1188,2.6071,89000.0
1189,2.125,243800.0
1190,3.3672,133600.0
1191,3.4705,228600.0
1192,10.7097,500001.0
1193,7.3141,337100.0
1194,3.9073,91600.0
1195,4.25,172100.0
1196,2.3,137500.0
1197,5.5061,231800.0
1198,1.5539,59200.0
1199,6.1498,239100.0
1200,4.4551,252400.0
1201,2.3205,87600.0
1202,2.5625,75000.0
1203,2.5795,225000.0
1204,4.5812,255200.0
1205,5.7862,269400.0
1206,4.0556,133000.0
1207,4.3125,495800.0
1208,4.8984,151500.0
1209,5.9062,383200.0
1210,6.0362,463500.0
1211,2.9219,114300.0
1212,3.3875,92500.0
1213,3.2917,129300.0
1214,2.6899,82100.0
1215,1.62,131300.0
1216,4.45,184900.0
1217,3.9871,157700.0
1218,3.3125,150000.0
1219,4.2813,297200.0
1220,5.0942,217500.0
1221,6.7027,381900.0
1222,10.157,477100.0
1223,2.1859,143800.0
1224,5.128,99600.0
1225,3.1029,190600.0
1226,1.0649,137500.0
1227,1.7696,103100.0
1228,3.0703,211800.0
1229,5.7579,231800.0
1230,2.4308,90600.0
1231,5.5785,284100.0
1232,2.9161,135700.0
1233,4.8167,169800.0
1234,4.8894,191700.0
1235,3.5278,339800.0
1236,4.1366,158800.0
1237,4.0968,310000.0
1238,3.6908,157500.0
1239,2.0625,134400.0
1240,2.5625,62700.0
1241,1.0353,150000.0
1242,3.5592,160200.0
1243,4.2039,500001.0
1244,5.1778,359900.0
1245,3.6875,492300.0
1246,2.5833,181300.0
1247,3.0704,151600.0
1248,6.7587,388500.0
1249,3.101,238200.0
1250,3.225,163300.0
1251,4.925,154700.0
1252,3.6895,239300.0
1253,6.6086,299400.0
1254,2.1552,161400.0
1255,2.0917,99300.0
1256,2.227,91900.0
1257,4.1429,380300.0
1258,3.0446,101900.0
1259,3.6458,173800.0
1260,4.2006,290700.0
1261,1.6597,109100.0
1262,4.5625,242700.0
1263,12.8763,500001.0
1264,3.9423,180300.0
1265,1.9872,168800.0
1266,6.1731,293800.0
1267,1.6705,350000.0
1268,4.0333,210200.0
1269,4.8889,138900.0
1270,2.5707,126000.0
1271,4.6484,145900.0
1272,3.1306,214000.0
1273,2.3869,83300.0
1274,5.0424,225900.0
1275,5.1418,190300.0
1276,4.9926,213900.0
1277,4.3393,217300.0
1278,3.1912,319800.0
1279,3.8203,139700.0
1280,5.4364,279300.0
1281,5.7338,225400.0
1282,2.4038,107500.0
1283,5.196,210700.0
1284,2.3774,74300.0
1285,4.7703,331000.0
1286,3.0259,211700.0
1287,3.3125,106100.0
1288,4.4097,252000.0
1289,3.0574,319400.0
1290,6.0634,234300.0
1291,3.9211,92300.0
1292,1.5603,109600.0
1293,6.0102,235600.0
1294,2.9375,106700.0
1295,4.0982,173300.0
1296,2.095,109100.0
1297,2.7222,83100.0
1298,6.1256,266900.0
1299,5.0731,185100.0
1300,0.9566,69000.0
1301,4.0924,188400.0
1302,3.9018,182300.0
1303,3.2845,227600.0
1304,3.8611,93900.0
1305,1.9138,66900.0
1306,5.9024,221000.0
1307,1.0714,63800.0
1308,5.5983,233300.0
1309,2.2847,132700.0
1310,0.7403,68600.0
1311,5.7812,275000.0
1312,5.1538,171300.0
1313,2.9934,118200.0
1314,5.2329,430900.0
1315,5.6406,266200.0
1316,2.3111,255400.0
1317,6.7669,500001.0
1318,2.0625,94400.0
1319,2.5267,231800.0
1320,4.0118,245800.0
1321,5.0602,298900.0
1322,7.9976,500001.0
1323,3.6125,170800.0
1324,6.0842,261100.0
1325,4.1339,396400.0
1326,4.1382,189800.0
1327,3.2727,268500.0
1328,3.3608,108900.0
1329,10.2233,500001.0
1330,4.0985,226200.0
1331,4.2143,369400.0
1332,3.6058,257900.0
1333,2.5139,190000.0
1334,3.4167,339100.0
1335,2.8348,219000.0
1336,1.1985,215000.0
1337,2.0417,72500.0
1338,3.3929,108300.0
1339,4.7344,271800.0
1340,5.388,225000.0
1341,6.8112,500001.0
1342,3.3006,185800.0
1343,4.7656,230700.0
1344,4.6076,204000.0
1345,4.0,75000.0
1346,4.4085,400000.0
1347,1.8806,113900.0
1348,1.5152,81300.0
1349,5.1017,240700.0
1350,1.625,50300.0
1351,3.5272,213700.0
1352,6.4419,264500.0
1353,2.9861,208200.0
1354,2.6165,150000.0
1355,1.625,118800.0
1356,1.7361,500001.0
1357,2.5656,102500.0
1358,3.625,91300.0
1359,4.0801,397800.0
1360,2.6429,143100.0
1361,3.0149,218400.0
1362,5.4298,279600.0
1363,1.7238,110000.0
1364,1.4583,84200.0
1365,3.8558,122700.0
1366,2.1494,132500.0
1367,5.8587,494700.0
1368,2.4861,96200.0
1369,2.5664,215000.0
1370,2.92,202800.0
1371,5.5767,372000.0
1372,3.3287,273400.0
1373,2.7273,269700.0
1374,1.6178,137500.0
1375,5.0603,185700.0
1376,2.8941,256700.0
1377,2.9821,162000.0
1378,4.3125,290500.0
1379,6.9612,274500.0
1380,4.8646,213200.0
1381,4.0234,111900.0
1382,5.065,215400.0
1383,15.0001,500001.0
1384,3.9566,167800.0
1385,3.6827,215300.0
1386,4.2654,137600.0
1387,9.5862,469400.0
1388,5.417,196800.0
1389,3.6806,172400.0
1390,4.0461,153500.0
1391,3.29,205500.0
1392,3.1964,177700.0
1393,3.8788,226900.0
1394,1.7396,105900.0
1395,5.7072,242200.0
1396,7.5744,259300.0
1397,2.7734,141100.0
1398,3.9375,187500.0
1399,4.9904,221700.0
1400,8.0144,500001.0
1401,3.3098,195500.0
1402,2.9625,101200.0
1403,2.3475,90300.0
1404,4.3428,152100.0
1405,2.875,144800.0
1406,3.0448,192100.0
1407,4.2375,78600.0
1408,1.125,66000.0
1409,2.575,153500.0
1410,2.1518,161600.0
1411,2.7006,166300.0
1412,3.59,230600.0
1413,1.9107,155700.0
1414,3.8864,171400.0
1415,2.6777,146400.0
1416,5.0,275900.0
1417,4.2031,212500.0
1418,7.5845,279300.0
1419,4.0341,243300.0
1420,3.1429,286500.0
1421,2.875,162500.0
1422,3.7557,109400.0
1423,8.3617,433800.0
1424,3.6161,131300.0
1425,6.0132,287900.0
1426,6.1278,417600.0
1427,1.9236,64400.0
1428,4.9962,156000.0
1429,3.5347,158100.0
1430,2.273,62900.0
1431,5.7951,226900.0
1432,3.4531,208800.0
1433,2.875,300000.0
1434,4.5224,142000.0
1435,4.412,140100.0
1436,3.0187,278100.0
1437,5.3735,234400.0
1438,3.4327,147200.0
1439,2.2891,162500.0
1440,2.2333,61000.0
1441,3.07,142600.0
1442,3.3854,204400.0
1443,4.1902,235000.0
1444,1.6898,95100.0
1445,1.9,81600.0
1446,1.8625,131300.0
1447,2.885,162500.0
1448,3.5417,114800.0
1449,7.9835,500001.0
1450,2.1937,162500.0
1451,3.6736,192200.0
1452,1.9787,97800.0
1453,0.75,162500.0
1454,1.7273,137500.0
1455,1.8333,58200.0
1456,1.7548,95800.0
1457,1.9063,200000.0
1458,1.9224,94000.0
1459,5.8691,360000.0
1460,4.1179,134600.0
1461,2.475,258300.0
1462,7.3769,302400.0
1463,1.6618,69700.0
1464,4.4567,191100.0
1465,4.1339,222300.0
1466,4.3438,252700.0
1467,2.0888,237500.0
1468,4.0536,262000.0
1469,3.7885,204500.0
1470,2.6179,158800.0
1471,5.0201,154400.0
1472,5.2099,191400.0
1473,8.5184,500001.0
1474,2.065,96100.0
1475,15.0001,500001.0
1476,3.0742,57900.0
1477,2.4423,102300.0
1478,3.75,435700.0
1479,3.2614,305000.0
1480,2.4667,192200.0
1481,4.375,156500.0
1482,5.0947,267500.0
1483,5.2573,322900.0
1484,4.5461,213800.0
1485,2.5833,132700.0
1486,3.0938,155400.0
1487,4.9318,262400.0
1488,6.213,230800.0
1489,3.6023,161800.0
1490,1.8355,63000.0
1491,2.0878,101300.0
1492,5.6493,422400.0
1493,2.5833,90600.0
1494,4.112,141400.0
1495,3.4943,311100.0
1496,5.2662,126200.0
1497,3.6759,368800.0
1498,2.08,56600.0
1499,3.0893,125000.0
1500,2.7845,82200.0
1501,3.1103,281900.0
1502,4.3118,120000.0
1503,2.1366,101900.0
1504,4.2829,240000.0
1505,5.9617,231100.0
1506,3.2396,101900.0
1507,2.9688,220800.0
1508,3.86,109300.0
1509,0.8054,60000.0
1510,5.8543,500001.0
1511,5.6818,338900.0
1512,4.4394,162000.0
1513,5.1786,376800.0
1514,2.3438,88100.0
1515,2.7601,72500.0
1516,3.7167,332800.0
1517,3.1467,175500.0
1518,3.8906,282200.0
1519,2.593,192000.0
1520,4.4228,366900.0
1521,1.3096,116300.0
1522,6.6539,284900.0
1523,2.125,62000.0
1524,3.0521,113800.0
1525,8.2335,430200.0
1526,2.7201,117500.0
1527,7.6923,329800.0
1528,3.95,164000.0
1529,2.6531,108300.0
1530,0.7054,137500.0
1531,2.9452,115600.0
1532,1.4511,65200.0
1533,1.608,91800.0
1534,3.5192,159100.0
1535,4.4728,205800.0
1536,4.2443,174400.0
1537,2.1953,75000.0
1538,4.933,228900.0
1539,2.9063,55000.0
1540,4.8889,155700.0
1541,4.5687,177200.0
1542,3.0114,177000.0
1543,4.0726,385400.0
1544,2.5898,176000.0
1545,7.333,337200.0
1546,4.7344,200000.0
1547,5.8399,220600.0
1548,3.9375,213200.0
1549,7.8139,304700.0
1550,5.1775,213400.0
1551,5.5461,262500.0
1552,2.8208,139900.0
1553,3.9024,122400.0
1554,3.6361,157700.0
1555,2.5882,92800.0
1556,6.777,500000.0
1557,3.3841,184400.0
1558,3.4048,487100.0
1559,3.7321,266700.0
1560,4.0144,126600.0
1561,10.5793,500001.0
1562,5.2563,211400.0
1563,5.3359,500001.0
1564,2.3,95600.0
1565,8.2827,451400.0
1566,3.3214,103100.0
1567,3.4471,178900.0
1568,2.913,192500.0
1569,3.875,148500.0
1570,4.5594,184500.0
1571,4.3816,191300.0
1572,3.0809,143600.0
1573,2.9125,145800.0
1574,3.2986,119200.0
1575,1.6521,69700.0
1576,4.0,224700.0
1577,5.0443,194800.0
1578,3.0357,208300.0
1579,3.6894,418800.0
1580,2.3309,126600.0
1581,3.8633,187900.0
1582,2.628,251100.0
1583,1.5,93600.0
1584,3.2135,212700.0
1585,6.2047,248100.0
1586,5.368,352000.0
1587,2.8,161800.0
1588,4.7179,376700.0
1589,1.8589,144000.0
1590,3.5652,329500.0
1591,1.7467,52400.0
1592,4.0432,450000.0
1593,2.1875,119700.0
1594,6.3064,418300.0
1595,1.275,56100.0
1596,4.6806,288900.0
1597,3.9963,191100.0
1598,3.1648,244800.0
1599,2.5192,76400.0
1600,15.0001,500001.0
1601,1.3571,59000.0
1602,6.1265,260300.0
1603,3.3182,213000.0
1604,4.3897,341300.0
1605,2.4583,199100.0
1606,2.6806,189300.0
1607,3.6667,90000.0
1608,3.9727,307200.0
1609,4.5701,146400.0
1610,3.2356,500001.0
1611,1.4663,64000.0
1612,4.625,273500.0
1613,4.3235,279500.0
1614,0.9722,137500.0
1615,5.5429,269100.0
1616,1.9797,143800.0
1617,2.6715,133300.0
1618,4.2917,247600.0
1619,3.0375,197600.0
1620,1.7333,70000.0
1621,3.4394,162200.0
1622,3.0568,71300.0
1623,3.6169,257000.0
1624,3.2941,98300.0
1625,7.8392,500001.0
1626,2.3929,122500.0
1627,5.6683,391000.0
1628,2.5556,105700.0
1629,2.2454,165000.0
1630,4.1618,500001.0
1631,2.8547,155600.0
1632,4.5,237300.0
1633,3.233,99400.0
1634,0.8702,170500.0
1635,4.1071,365600.0
1636,2.1295,59800.0
1637,3.0729,128700.0
1638,4.4565,159000.0
1639,3.05,144800.0
1640,3.5352,357800.0
1641,2.1845,123800.0
1642,4.375,210400.0
1643,5.5362,301200.0
1644,4.918,225200.0
1645,4.5721,351200.0
1646,2.1908,110000.0
1647,2.181,59900.0
1648,2.5164,114200.0
1649,3.9698,142700.0
1650,5.5191,245800.0
1651,2.1444,229000.0
1652,6.5669,372800.0
1653,4.7647,254100.0
1654,5.069,264200.0
1655,5.4688,305000.0
1656,4.1771,219100.0
1657,4.26,189400.0
1658,3.1319,62700.0
1659,1.2446,103800.0
1660,3.2639,155200.0
1661,1.9122,55500.0
1662,5.8269,150200.0
1663,3.7083,131000.0
1664,2.3812,135100.0
1665,1.2347,111700.0
1666,2.9243,131600.0
1667,5.1036,103400.0
1668,5.8068,263900.0
1669,1.6318,117700.0
1670,5.2114,438400.0
1671,4.4545,192500.0
1672,3.1571,141600.0
1673,3.2404,93600.0
1674,6.3047,285700.0
1675,3.5893,238500.0
1676,2.7344,87800.0
1677,4.1451,326700.0
1678,6.276,290700.0
1679,3.0147,217000.0
1680,3.7656,145000.0
1681,2.3266,137500.0
1682,3.4419,138100.0
1683,1.3448,91300.0
1684,1.7823,205300.0
1685,5.0514,269100.0
1686,3.1382,139700.0
1687,4.1058,164000.0
1688,2.6964,122200.0
1689,3.7321,216500.0
1690,2.319,97200.0
1691,1.0568,75000.0
1692,2.2574,59100.0
1693,2.5792,163800.0
1694,2.0595,61300.0
1695,4.0616,148800.0
1696,1.4598,52600.0
1697,4.1375,211500.0
1698,4.2059,350000.0
1699,3.2396,143800.0
1700,3.7647,375000.0
1701,2.8152,106900.0
1702,1.9485,146300.0
1703,3.0625,150500.0
1704,1.8818,100000.0
1705,4.3661,219900.0
1706,2.9087,228200.0
1707,4.9236,155900.0
1708,2.5476,97900.0
1709,2.4213,132500.0
1710,6.632,441100.0
1711,5.0677,233300.0
1712,1.7788,97400.0
1713,5.806,304900.0
1714,3.5313,211800.0
1715,4.095,184000.0
1716,5.2336,235600.0
1717,4.7926,454400.0
1718,1.6038,194300.0
1719,5.0499,306800.0
1720,1.2269,181900.0
1721,2.5,166700.0
1722,6.0571,272400.0
1723,3.1205,240500.0
1724,2.2903,106300.0
1725,5.828,301100.0
1726,4.3571,144600.0
1727,2.5119,171700.0
1728,6.7449,415600.0
1729,4.2383,239000.0
1730,6.6712,311500.0
1731,2.793,76500.0
1732,2.0192,171300.0
1733,3.3929,184600.0
1734,3.375,201900.0
1735,2.875,112500.0
1736,2.033,68400.0
1737,3.5156,239400.0
1738,4.3571,287500.0
1739,4.2356,347700.0
1740,2.35,91700.0
1741,2.5875,70400.0
1742,2.6792,138900.0
1743,1.6389,114300.0
1744,2.0182,98400.0
1745,5.6188,404700.0
1746,4.4583,170000.0
1747,3.3871,111800.0
1748,7.8774,394900.0
1749,2.1969,149400.0
1750,5.5842,239100.0
1751,5.791,254100.0
1752,3.1667,362500.0
1753,2.8323,50800.0
1754,8.0837,380600.0
1755,4.53,226400.0
1756,4.1125,216700.0
1757,9.4522,500001.0
1758,4.4732,194800.0
1759,4.2045,120900.0
1760,2.6979,266000.0
1761,4.1029,122700.0
1762,2.5444,275000.0
1763,2.3974,410700.0
1764,3.1941,394700.0
1765,2.5033,70100.0
1766,3.1462,187500.0
1767,2.4063,170200.0
1768,4.235,156300.0
1769,6.6455,302600.0
1770,4.5,222200.0
1771,5.5121,264700.0
1772,2.5703,62400.0
1773,2.7566,80200.0
1774,2.4432,187500.0
1775,2.7917,225000.0
1776,2.375,145800.0
1777,6.1323,500001.0
1778,4.7109,500000.0
1779,5.5842,159100.0
1780,3.3937,270000.0
1781,5.3016,192200.0
1782,4.875,143100.0
1783,4.8958,333600.0
1784,1.8429,58300.0
1785,6.9257,466400.0
1786,2.4398,163100.0
1787,8.847,388700.0
1788,4.2656,236100.0
1789,4.9271,209700.0
1790,2.2125,104000.0
1791,3.5625,141000.0
1792,6.4667,216800.0
1793,3.1645,170800.0
1794,3.59,200600.0
1795,4.4375,353000.0
1796,2.3583,105400.0
1797,2.4821,123600.0
1798,3.4722,112500.0
1799,3.2083,76200.0
1800,2.0221,95800.0
1801,1.6554,119400.0
1802,3.6572,213200.0
1803,3.66,184600.0
1804,3.1286,137500.0
1805,2.4659,231300.0
1806,3.915,217700.0
1807,5.584,186600.0
1808,3.25,301000.0
1809,3.5647,251800.0
1810,4.3919,157100.0
1811,1.043,90100.0
1812,7.7569,387400.0
1813,5.0473,184800.0
1814,4.425,475000.0
1815,4.6477,194700.0
1816,3.3438,156300.0
1817,4.5281,173600.0
1818,4.5144,206300.0
1819,2.1151,96700.0
1820,3.9615,331300.0
1821,9.2225,500001.0
1822,3.8125,174000.0
1823,3.825,159500.0
1824,4.199,400000.0
1825,2.5441,161200.0
1826,2.9712,116600.0
1827,1.6667,68100.0
1828,3.4695,138800.0
1829,3.0789,131700.0
1830,1.676,208800.0
1831,4.5833,333900.0
1832,5.8964,414800.0
1833,3.8117,82800.0
1834,4.2008,176100.0
1835,3.6346,338000.0
1836,3.375,275700.0
1837,2.5733,88800.0
1838,4.03,141200.0
1839,3.6333,116200.0
1840,3.6818,165400.0
1841,2.4375,59200.0
1842,3.2222,186500.0
1843,4.6042,251900.0
1844,2.3068,97300.0
1845,4.8068,312300.0
1846,2.2743,106400.0
1847,6.234,292200.0
1848,5.5756,309900.0
1849,2.6964,68500.0
1850,6.8645,195900.0
1851,3.2279,243100.0
1852,3.9688,175000.0
1853,2.0595,60700.0
1854,4.8092,217400.0
1855,3.6719,227900.0
1856,3.8421,220700.0
1857,4.7768,301100.0
1858,1.746,105000.0
1859,1.7393,81300.0
1860,4.0,375000.0
1861,2.655,160000.0
1862,2.7981,275000.0
1863,3.3565,360800.0
1864,1.5369,141300.0
1865,10.0825,397000.0
1866,6.1624,279400.0
1867,2.7679,108900.0
1868,5.9378,212200.0
1869,2.9844,135900.0
1870,1.3417,69000.0
1871,3.0,79700.0
1872,3.0956,500001.0
1873,3.4821,231300.0
1874,4.0057,172700.0
1875,4.192,219900.0
1876,1.4668,64600.0
1877,7.4351,445700.0
1878,4.5714,260300.0
1879,4.1875,185000.0
1880,10.3798,500001.0
1881,4.2011,255400.0
1882,1.6851,108800.0
1883,2.7428,208900.0
1884,2.6,66900.0
1885,2.9542,127900.0
1886,3.975,500001.0
1887,4.75,500001.0
1888,1.8289,59400.0
1889,2.0625,170300.0
1890,3.8565,239800.0
1891,2.9792,350000.0
1892,3.625,195800.0
1893,4.5833,190900.0
1894,2.9821,175700.0
1895,2.7885,137200.0
1896,3.025,87900.0
1897,3.2031,281500.0
1898,5.2276,434500.0
1899,6.5745,379300.0
1900,2.6087,96000.0
1901,1.8906,224500.0
1902,1.7292,137500.0
1903,2.5179,58800.0
1904,3.0906,500001.0
1905,1.7788,85800.0
1906,3.6176,158500.0
1907,4.0,101400.0
1908,3.125,219900.0
1909,3.2031,180700.0
1910,4.9205,173900.0
1911,3.6667,210900.0
1912,5.5433,332500.0
1913,5.7407,302200.0
1914,3.4063,109400.0
1915,3.2937,96400.0
1916,3.0,184700.0
1917,4.3429,173900.0
1918,2.9737,72100.0
1919,6.9399,349600.0
1920,2.1029,99100.0
1921,7.2559,392300.0
1922,4.4004,255800.0
1923,3.0319,162800.0
1924,5.5956,247800.0
1925,4.692,330900.0
1926,2.2679,150000.0
1927,2.6322,140700.0
1928,4.0451,395100.0
1929,3.2917,150800.0
1930,3.2778,150800.0
1931,2.0221,70900.0
1932,6.3364,307400.0
1933,2.6458,91300.0
1934,6.6264,359100.0
1935,3.024,148000.0
1936,5.6704,303700.0
1937,4.0217,272400.0
1938,2.5885,136200.0
1939,3.9485,196600.0
1940,5.0947,152700.0
1941,4.1488,136400.0
1942,5.2736,179500.0
1943,5.5184,268300.0
1944,4.0827,170700.0
1945,2.1397,145300.0
1946,2.0549,156700.0
1947,6.083,341400.0
1948,7.139,424000.0
1949,5.078,163400.0
1950,4.0926,164400.0
1951,4.5817,500001.0
1952,9.1541,453800.0
1953,2.9469,216100.0
1954,11.5706,500001.0
1955,2.8964,104300.0
1956,4.375,129900.0
1957,2.5395,191000.0
1958,2.2328,142100.0
1959,3.6023,128300.0
1960,3.1523,141800.0
1961,4.9792,240000.0
1962,4.1471,284400.0
1963,2.9324,137500.0
1964,2.9716,173600.0
1965,1.9167,70400.0
1966,4.1304,229100.0
1967,3.5056,203100.0
1968,3.8365,250900.0
1969,3.2069,236500.0
1970,2.1864,143200.0
1971,1.8606,56700.0
1972,3.9688,182800.0
1973,2.4387,175000.0
1974,6.0426,110000.0
1975,6.2519,345700.0
1976,6.3088,340300.0
1977,2.125,101900.0
1978,4.8311,172200.0
1979,1.3929,193800.0
1980,5.2533,500001.0
1981,3.5437,115800.0
1982,2.7457,254700.0
1983,3.375,134100.0
1984,5.1781,191900.0
1985,3.2059,350000.0
1986,6.1953,363000.0
1987,3.5757,177900.0
1988,6.6204,296100.0
1989,2.7661,113900.0
1990,3.7109,198800.0
1991,3.6728,500001.0
1992,3.4261,219700.0
1993,5.623,500001.0
1994,3.5268,152000.0
1995,4.7685,280100.0
1996,6.0622,390000.0
1997,5.5381,282000.0
1998,8.5326,315200.0
1999,2.6842,156300.0
2000,2.3281,85800.0
2001,1.0918,22500.0
2002,3.05,121600.0
2003,3.5781,366700.0
2004,11.1978,500001.0
2005,2.5,72600.0
2006,5.8371,500001.0
2007,6.5784,408500.0
2008,4.551,178300.0
2009,5.399,358500.0
2010,3.25,225000.0
2011,6.2498,353300.0
2012,6.396,208500.0
2013,3.7768,213800.0
2014,3.6287,280800.0
2015,2.7778,72900.0
2016,4.3,500001.0
2017,5.2881,138000.0
2018,1.1915,71900.0
2019,2.2,80800.0
2020,3.8594,90800.0
2021,8.6088,307400.0
2022,5.76,239400.0
2023,2.9286,258300.0
2024,6.1873,312100.0
2025,1.8472,99100.0
2026,2.1793,71500.0
2027,2.3267,92000.0
2028,3.3802,216500.0
2029,4.0167,193200.0
2030,1.5595,115600.0
2031,2.5428,85000.0
2032,9.0243,427700.0
2033,5.0838,248200.0
2034,5.6194,274700.0
2035,2.3792,90000.0
2036,3.0466,97300.0
2037,2.401,58400.0
2038,1.6331,67500.0
2039,4.163,393800.0
2040,7.218,400700.0
2041,2.5875,500001.0
2042,1.5972,168800.0
2043,4.9102,319100.0
2044,1.7204,137500.0
2045,2.0458,174500.0
2046,2.3617,103100.0
2047,4.1303,146500.0
2048,4.1717,500001.0
2049,1.775,63400.0
2050,10.0549,500001.0
2051,6.6689,433000.0
2052,4.3512,191400.0
2053,10.2811,500001.0
2054,4.2463,182800.0
2055,1.6154,87500.0
2056,3.7049,227500.0
2057,4.5707,175900.0
2058,3.8021,323000.0
2059,2.8448,268900.0
2060,1.7132,55900.0
2061,4.4529,144100.0
2062,6.4333,271500.0
2063,2.6321,223100.0
2064,6.2817,288200.0
2065,6.868,337300.0
2066,9.1078,500001.0
2067,3.2889,98900.0
2068,7.5286,462700.0
2069,3.2632,99800.0
2070,4.8929,156200.0
2071,3.7381,165000.0
2072,2.182,60800.0
2073,1.7031,195000.0
2074,2.0357,60200.0
2075,6.8323,255900.0
2076,4.6937,134100.0
2077,4.3315,95800.0
2078,4.0585,245500.0
2079,5.8904,271400.0
2080,2.7477,243800.0
2081,1.3583,85200.0
2082,1.8845,77700.0
2083,1.7217,175000.0
2084,2.225,64700.0
2085,4.0231,353900.0
2086,1.1528,150000.0
2087,3.5313,142100.0
2088,1.4821,143300.0
2089,2.5062,112500.0
2090,1.505,42700.0
2091,2.5352,184400.0
2092,5.1589,439200.0
2093,2.1406,55000.0
2094,3.4583,253200.0
2095,3.4423,117500.0
2096,6.6447,416800.0
2097,5.6205,300800.0
2098,2.3684,150000.0
2099,4.1859,150000.0
2100,2.8155,176800.0
2101,3.3088,186600.0
2102,5.0544,261800.0
2103,1.1806,68300.0
2104,4.5417,434500.0
2105,2.474,120100.0
2106,3.1442,131600.0
2107,2.9018,275000.0
2108,2.5156,136600.0
2109,2.8,214300.0
2110,2.6094,92400.0
2111,4.8,192700.0
2112,2.135,119600.0
2113,2.5321,197200.0
2114,2.0471,104200.0
2115,2.7128,209900.0
2116,2.0579,132700.0
2117,4.1,315000.0
2118,2.359,143400.0
2119,3.6406,278900.0
2120,7.5619,302000.0
2121,2.0562,102000.0
2122,2.5488,80300.0
2123,4.2813,81300.0
2124,1.9029,98000.0
2125,4.2042,500001.0
2126,3.2285,234800.0
2127,3.6364,254600.0
2128,2.5893,99600.0
2129,2.4659,102900.0
2130,3.0969,143800.0
2131,3.2091,150000.0
2132,2.225,150000.0
2133,2.369,173400.0
2134,4.2237,262300.0
2135,2.2222,276800.0
2136,4.4107,122500.0
2137,3.4231,230200.0
2138,1.8514,66500.0
2139,4.1842,364000.0
2140,1.8316,113500.0
2141,4.1016,170500.0
2142,5.121,287600.0
2143,4.1492,195700.0
2144,2.7348,231300.0
2145,3.0347,183200.0
2146,3.0817,118800.0
2147,2.2969,450000.0
2148,3.3187,144800.0
2149,2.2833,85800.0
2150,1.1687,70800.0
2151,2.4798,101500.0
2152,8.7819,500001.0
2153,4.6591,175000.0
2154,4.1856,72100.0
2155,5.9619,335900.0
2156,3.9107,129800.0
2157,1.9191,54400.0
2158,4.1458,248500.0
2159,3.4186,127300.0
2160,5.2571,405400.0
2161,3.3472,91700.0
2162,3.4527,175000.0
2163,6.5146,277600.0
2164,2.8446,100500.0
2165,6.1437,232100.0
2166,4.0769,163900.0
2167,5.9088,288500.0
2168,2.9145,140400.0
2169,4.0675,140200.0
2170,5.2149,201900.0
2171,2.6298,156500.0
2172,4.425,336400.0
2173,4.1368,151000.0
2174,4.1064,246100.0
2175,1.1019,120200.0
2176,4.1957,92700.0
2177,1.8382,126400.0
2178,5.1112,170900.0
2179,4.1364,154500.0
2180,2.925,94300.0
2181,4.5,184200.0
2182,5.1645,244900.0
2183,5.0365,500000.0
2184,1.4828,73100.0
2185,3.5508,99100.0
2186,2.2612,137500.0
2187,3.8864,132600.0
2188,2.7143,287500.0
2189,1.1957,103100.0
2190,5.883,340700.0
2191,3.8038,174500.0
2192,1.1552,250000.0
2193,4.5714,68600.0
2194,3.7292,475000.0
2195,2.933,85000.0
2196,7.3588,327500.0
2197,1.5833,56700.0
2198,3.2708,128100.0
2199,15.0001,500001.0
2200,5.8548,500001.0
2201,2.8631,188600.0
2202,1.9028,164200.0
2203,2.6673,87500.0
2204,2.2007,112800.0
2205,5.8519,249400.0
2206,2.0508,275000.0
2207,5.237,215700.0
2208,2.0114,99300.0
2209,6.9051,340900.0
2210,6.2946,450000.0
2211,2.1875,181300.0
2212,3.6719,161300.0
2213,6.1359,106300.0
2214,2.8,148400.0
2215,2.5784,272900.0
2216,4.2768,167800.0
2217,3.1324,500001.0
2218,2.7583,64900.0
2219,3.538,102700.0
2220,9.7912,500001.0
2221,3.15,72200.0
2222,3.9265,301100.0
2223,3.1597,116300.0
2224,1.2411,112500.0
2225,5.3806,452100.0
2226,3.2679,137500.0
2227,6.3824,500001.0
2228,1.5288,103400.0
2229,3.4712,194400.0
2230,1.5727,225000.0
2231,3.3977,153800.0
2232,4.1786,271100.0
2233,2.9063,146900.0
2234,4.6649,237800.0
2235,2.3851,113700.0
2236,1.9125,47500.0
2237,4.7031,255200.0
2238,3.8372,156400.0
2239,3.5,135800.0
2240,6.0873,277300.0
2241,7.6473,345800.0
2242,6.983,329700.0
2243,10.7958,500001.0
2244,5.0267,253300.0
2245,3.038,137500.0
2246,3.9028,126800.0
2247,2.5952,92400.0
2248,4.2263,203200.0
2249,5.5357,273700.0
2250,2.6774,95800.0
2251,4.8667,186800.0
2252,2.9405,289500.0
2253,6.091,290400.0
2254,2.4167,192900.0
2255,4.7578,318500.0
2256,2.6159,182300.0
2257,1.9881,85200.0
2258,1.8333,312500.0
2259,3.0199,128800.0
2260,3.1857,98300.0
2261,4.4934,88000.0
2262,1.4904,275000.0
2263,2.5227,187500.0
2264,3.653,146800.0
2265,1.8456,103100.0
2266,3.337,172300.0
2267,1.9213,95000.0
2268,4.4135,150100.0
2269,1.4514,79900.0
2270,6.075,417000.0
2271,2.325,161500.0
2272,2.2604,68100.0
2273,3.1583,268200.0
2274,3.13,168300.0
2275,4.9429,254800.0
2276,4.765,181500.0
2277,4.6953,241700.0
2278,3.8125,96700.0
2279,3.375,133700.0
2280,3.875,99500.0
2281,5.1205,226300.0
2282,1.7378,121900.0
2283,3.6591,183800.0
2284,2.6667,86600.0
2285,4.174,100100.0
2286,4.2083,278200.0
2287,5.208,206800.0
2288,3.8125,208100.0
2289,4.282,224700.0
2290,4.625,213400.0
2291,4.5,158300.0
2292,1.625,79400.0
2293,2.3798,83800.0
2294,1.3889,87500.0
2295,3.0,172400.0
2296,1.0179,125000.0
2297,2.9922,163500.0
2298,4.3851,117300.0
2299,3.5112,231900.0
2300,4.6625,294000.0
2301,4.4697,221300.0
2302,4.8542,218100.0
2303,3.0824,177400.0
2304,6.8758,253800.0
2305,3.1324,132000.0
2306,4.05,134700.0
2307,3.4107,110400.0
2308,3.6528,200000.0
2309,3.1439,47500.0
2310,6.2475,331300.0
2311,3.2846,131900.0
2312,2.5437,99000.0
2313,1.1875,90600.0
2314,2.4811,111800.0
2315,5.5676,174200.0
2316,3.175,191700.0
2317,4.7891,295300.0
2318,4.7568,143500.0
2319,2.0984,158000.0
2320,3.1625,70600.0
2321,6.1359,225000.0
2322,1.7813,94700.0
2323,5.0508,225700.0
2324,2.1935,243200.0
2325,3.1325,215000.0
2326,7.2582,273200.0
2327,6.0743,274300.0
2328,2.6193,172300.0
2329,2.5652,157700.0
2330,1.1051,94200.0
2331,2.9063,80000.0
2332,4.5147,271400.0
2333,1.8432,327300.0
2334,4.2065,277800.0
2335,2.4286,204800.0
2336,2.7546,172500.0
2337,8.8115,500001.0
2338,2.0467,158300.0
2339,4.1411,182700.0
2340,5.928,239900.0
2341,4.0278,95800.0
2342,4.7466,258300.0
2343,2.75,239700.0
2344,2.3382,120700.0
2345,2.1979,125700.0
2346,7.8924,500001.0
2347,6.2984,269800.0
2348,5.31,127500.0
2349,5.4217,256000.0
2350,10.2292,500001.0
2351,5.3439,227100.0
2352,3.4297,112500.0
2353,2.6818,225000.0
2354,3.4583,112700.0
2355,1.4773,160800.0
2356,2.7266,354200.0
2357,3.5403,195400.0
2358,7.4863,412300.0
2359,3.0909,150900.0
2360,3.4827,93600.0
2361,4.9757,500001.0
2362,3.5583,232000.0
2363,5.0641,234900.0
2364,4.9135,368100.0
2365,2.3843,182900.0
2366,3.0927,316000.0
2367,1.6944,75200.0
2368,2.6607,91500.0
2369,2.0437,137200.0
2370,8.0727,455500.0
2371,2.25,103200.0
2372,2.3152,140600.0
2373,2.4054,112500.0
2374,1.8022,78000.0
2375,1.5147,94600.0
2376,3.4583,239900.0
2377,1.675,166700.0
2378,5.6336,500001.0
2379,4.0125,261000.0
2380,2.2326,221000.0
2381,6.6579,245200.0
2382,4.6912,500001.0
2383,3.4323,144600.0
2384,15.0001,500001.0
2385,3.6467,147500.0
2386,3.7738,279400.0
2387,1.6675,95800.0
2388,2.75,225000.0
2389,2.9054,156300.0
2390,4.725,232100.0
2391,3.7958,152500.0
2392,1.9038,139500.0
2393,2.3241,99200.0
2394,6.4664,278300.0
2395,3.24,226900.0
2396,2.6417,122300.0
2397,3.8512,134600.0
2398,1.1384,100000.0
2399,6.8429,372600.0
2400,5.1194,247800.0
2401,1.2275,64100.0
2402,5.0292,269400.0
2403,1.7976,164600.0
2404,3.2083,75000.0
2405,3.1361,84800.0
2406,7.0504,333800.0
2407,2.7316,97500.0
2408,4.5135,158300.0
2409,2.0708,89600.0
2410,4.9107,213800.0
2411,3.05,121300.0
2412,2.753,111100.0
2413,2.1522,159400.0
2414,2.5598,120200.0
2415,3.8194,134400.0
2416,2.6637,175000.0
2417,5.485,343100.0
2418,2.555,72700.0
2419,4.0268,205500.0
2420,2.136,143500.0
2421,4.3702,226100.0
2422,4.635,248600.0
2423,2.891,178100.0
2424,2.7083,180400.0
2425,3.0864,177900.0
2426,1.6625,88700.0
2427,3.1968,151000.0
2428,2.1389,168900.0
2429,4.5936,174300.0
2430,2.4012,79700.0
2431,2.9844,163600.0
2432,6.4685,241200.0
2433,2.0542,103400.0
2434,4.1399,115400.0
2435,2.4567,155000.0
2436,3.4265,456900.0
2437,5.815,339200.0
2438,1.7679,79800.0
2439,3.6607,500001.0
2440,1.5268,91600.0
2441,4.4625,154200.0
2442,3.4539,125000.0
2443,5.3363,212800.0
2444,9.8708,500001.0
2445,2.364,173300.0
2446,3.1548,157700.0
2447,3.4886,173900.0
2448,2.0875,222700.0
2449,6.2456,161700.0
2450,5.0947,210300.0
2451,3.7321,250000.0
2452,6.2308,257900.0
2453,2.1667,142600.0
2454,4.3571,468800.0
2455,4.2955,309700.0
2456,1.8929,152900.0
2457,4.2562,221600.0
2458,6.7273,500001.0
2459,4.9904,157300.0
2460,2.5122,95500.0
2461,4.625,282200.0
2462,5.716,348300.0
2463,3.7452,83200.0
2464,5.8053,255900.0
2465,1.2185,170000.0
2466,4.4474,246900.0
2467,1.9402,139300.0
2468,5.3311,270800.0
2469,4.0729,100000.0
2470,3.1127,233000.0
2471,5.0376,500001.0
2472,5.6147,244700.0
2473,4.5112,139000.0
2474,4.5893,290100.0
2475,4.7566,142500.0
2476,2.5562,93200.0
2477,4.3958,130700.0
2478,3.4107,112500.0
2479,3.1382,91600.0
2480,2.0706,268500.0
2481,6.0194,292300.0
2482,3.9766,135800.0
2483,6.7606,364300.0
2484,5.2077,181300.0
2485,4.5278,340400.0
2486,3.0938,245900.0
2487,2.5658,208000.0
2488,2.7411,227100.0
2489,5.6652,234500.0
2490,9.0683,367400.0
2491,2.7536,73100.0
2492,3.0521,151500.0
2493,1.8214,123200.0
2494,2.1875,225000.0
2495,3.8864,209300.0
2496,1.5923,56000.0
2497,5.549,500001.0
2498,1.4427,47700.0
2499,5.6349,355600.0
2500,2.2,210000.0
2501,4.8623,176900.0
2502,5.0,87500.0
2503,4.1951,195000.0
2504,1.9038,93100.0
2505,2.825,276700.0
2506,5.2864,174400.0
2507,4.1765,393900.0
2508,2.5797,183500.0
2509,4.76,216000.0
2510,2.9798,204800.0
2511,2.875,168600.0
2512,5.0877,209300.0
2513,3.9688,249600.0
2514,8.6803,347300.0
2515,5.742,221900.0
2516,2.6364,199300.0
2517,4.2415,409600.0
2518,2.3125,125700.0
2519,6.0076,269500.0
2520,2.4943,99600.0
2521,2.8056,68100.0
2522,3.8088,500001.0
2523,4.6437,212900.0
2524,2.8321,150000.0
2525,3.375,184100.0
2526,2.1944,87500.0
2527,4.7875,198300.0
2528,8.7974,360600.0
2529,4.3,226400.0
2530,6.0667,245700.0
2531,2.3365,98000.0
2532,1.8906,104200.0
2533,2.8775,134100.0
2534,3.8542,145200.0
2535,6.9223,338400.0
2536,4.3333,170800.0
2537,3.6111,450000.0
2538,1.8109,137500.0
2539,6.4588,437100.0
2540,1.5625,52800.0
2541,3.25,500001.0
2542,6.0434,214800.0
2543,5.3889,234900.0
2544,2.4429,228800.0
2545,4.8854,178100.0
2546,3.6625,154800.0
2547,4.25,169200.0
2548,3.8625,350000.0
2549,5.8411,381800.0
2550,3.0119,171400.0
2551,7.5544,411500.0
2552,2.6906,95300.0
2553,4.7932,166300.0
2554,3.3516,105600.0
2555,3.6875,40000.0
2556,14.2867,500001.0
2557,3.3942,212800.0
2558,2.3571,79200.0
2559,4.9205,240500.0
2560,4.0878,164400.0
2561,4.0507,179500.0
2562,5.4395,244000.0
2563,1.87,170800.0
2564,3.7344,115300.0
2565,2.4931,170300.0
2566,3.2279,182400.0
2567,3.588,266300.0
2568,3.6,194500.0
2569,2.625,217900.0
2570,4.2417,294100.0
2571,6.207,457400.0
2572,4.9615,157800.0
2573,4.2415,275700.0
2574,2.5833,183700.0
2575,3.4519,128800.0
2576,2.0217,187500.0
2577,2.1135,90600.0
2578,4.7569,253800.0
2579,6.4789,287800.0
2580,8.2375,388300.0
2581,3.4375,157800.0
2582,3.7583,116300.0
2583,15.0001,500001.0
2584,6.0398,217800.0
2585,2.1603,111300.0
2586,2.8393,375000.0
2587,2.2639,52500.0
2588,2.5326,156500.0
2589,1.64,130000.0
2590,3.1597,133000.0
2591,5.3275,168700.0
2592,2.3289,58200.0
2593,4.5972,123900.0
2594,4.5152,199200.0
2595,2.987,176900.0
2596,0.8804,450000.0
2597,3.6719,134100.0
2598,4.9,152400.0
2599,1.8571,143800.0
2600,4.7984,175800.0
2601,5.759,425000.0
2602,2.45,186800.0
2603,4.0972,99200.0
2604,4.0,250400.0
2605,5.2865,455400.0
2606,3.6587,154600.0
2607,4.2917,121300.0
2608,5.0261,245100.0
2609,1.7011,44800.0
2610,3.2857,139100.0
2611,1.7945,106300.0
2612,2.1,171600.0
2613,3.2215,108800.0
2614,7.5696,328700.0
2615,8.4693,419200.0
2616,3.363,103000.0
2617,4.0375,86400.0
2618,2.8514,358700.0
2619,2.037,92600.0
2620,1.875,119900.0
2621,3.2325,89000.0
2622,6.4321,271900.0
2623,4.1719,187000.0
2624,3.0089,134400.0
2625,4.9103,140400.0
2626,6.0677,321600.0
2627,0.8252,42500.0
2628,4.8542,167400.0
2629,2.395,80300.0
2630,1.9583,102300.0
2631,4.325,292600.0
2632,3.6875,101700.0
2633,6.1426,155000.0
2634,4.174,394400.0
2635,5.234,124900.0
2636,1.7679,450000.0
2637,2.1806,99700.0
2638,6.4459,421600.0
2639,4.5,234400.0
2640,0.536,275000.0
2641,2.4012,159400.0
2642,2.3944,130700.0
2643,4.0197,88000.0
2644,3.9792,193800.0
2645,3.0455,102400.0
2646,2.0391,70400.0
2647,3.3266,483300.0
2648,3.622,174000.0
2649,3.1645,156000.0
2650,4.7361,174500.0
2651,4.6625,158900.0
2652,5.2321,500001.0
2653,2.25,76600.0
2654,3.4028,183700.0
2655,3.8088,87700.0
2656,3.3884,245800.0
2657,3.2583,147200.0
2658,2.5673,177500.0
2659,4.5179,145600.0
2660,2.375,158800.0
2661,3.0491,158200.0
2662,3.2216,161600.0
2663,5.1515,318900.0
2664,4.6902,171000.0
2665,8.2816,500001.0
2666,5.0858,470000.0
2667,4.3571,199800.0
2668,4.125,174000.0
2669,5.3002,191700.0
2670,3.335,69700.0
2671,6.9754,402500.0
2672,3.0288,258300.0
2673,2.2054,66400.0
2674,3.7933,116100.0
2675,3.1979,113500.0
2676,4.5,235800.0
2677,5.3733,302600.0
2678,4.1667,151900.0
2679,6.0265,247900.0
2680,3.9632,240000.0
2681,3.9844,165300.0
2682,3.2632,306000.0
2683,8.9728,500001.0
2684,2.7656,239500.0
2685,3.0685,181800.0
2686,4.9125,452600.0
2687,2.5,162500.0
2688,1.3,69700.0
2689,4.6452,273800.0
2690,2.375,175000.0
2691,3.0958,137800.0
2692,4.7361,216800.0
2693,3.6607,206300.0
2694,6.4391,252300.0
2695,1.2969,160200.0
2696,4.5032,168900.0
2697,5.6163,231000.0
2698,4.3897,190600.0
2699,5.5677,175400.0
2700,1.2917,66300.0
2701,3.8594,141000.0
2702,2.1411,136400.0
2703,7.6059,323700.0
2704,7.5418,492000.0
2705,1.4722,91300.0
2706,1.2875,179200.0
2707,3.5461,146400.0
2708,3.6989,93300.0
2709,3.7896,98100.0
2710,3.495,217800.0
2711,2.9076,275300.0
2712,6.5214,311500.0
2713,3.4598,74600.0
2714,1.4375,96400.0
2715,2.8125,70200.0
2716,1.4625,94200.0
2717,7.2379,251000.0
2718,2.8333,69700.0
2719,2.3973,167300.0
2720,1.8897,174300.0
2721,4.119,128800.0
2722,5.6762,271300.0
2723,3.3398,89700.0
2724,3.3831,197400.0
2725,2.9271,87500.0
2726,2.1767,185300.0
2727,3.9306,93800.0
2728,2.7011,130700.0
2729,5.6949,235300.0
2730,1.705,350000.0
2731,4.0096,182600.0
2732,2.8287,73100.0
2733,3.8424,155700.0
2734,4.6964,183100.0
2735,2.3523,94700.0
2736,2.2031,164000.0
2737,1.7375,122200.0
2738,5.723,500001.0
2739,5.049,323500.0
2740,2.1771,39200.0
2741,4.875,250000.0
2742,3.5313,146500.0
2743,7.2589,320400.0
2744,2.8352,161700.0
2745,3.4219,194500.0
2746,5.3847,329200.0
2747,3.9417,179800.0
2748,7.8588,454800.0
2749,2.2969,116100.0
2750,1.4044,61700.0
2751,2.2244,98100.0
2752,4.1116,187500.0
2753,4.7813,240900.0
2754,1.5547,93900.0
2755,3.9141,123900.0
2756,3.0134,128100.0
2757,3.8158,500001.0
2758,2.7708,186300.0
2759,3.1553,250000.0
2760,1.9203,195800.0
2761,2.1528,162500.0
2762,1.9487,233500.0
2763,5.457,308800.0
2764,5.3184,376000.0
2765,3.6453,201700.0
2766,2.5804,216300.0
2767,2.5387,160100.0
2768,7.7197,400000.0
2769,1.8783,118200.0
2770,2.7075,323800.0
2771,8.0839,372000.0
2772,3.15,153200.0
2773,2.4632,156900.0
2774,4.8,306800.0
2775,2.7262,109800.0
2776,3.3966,115000.0
2777,4.072,364200.0
2778,2.0202,71100.0
2779,1.7109,44600.0
2780,3.1111,318400.0
2781,1.2857,60000.0
2782,5.7192,283500.0
2783,2.1111,68700.0
2784,3.6125,100000.0
2785,3.2917,144300.0
2786,1.7284,74500.0
2787,3.4239,194800.0
2788,5.3509,302100.0
2789,6.2871,325500.0
2790,2.5129,115900.0
2791,1.468,137500.0
2792,0.949,350000.0
2793,4.665,145600.0
2794,4.5347,101200.0
2795,4.4,500000.0
2796,6.5987,272800.0
2797,2.1964,125000.0
2798,4.0714,300600.0
2799,3.5187,209400.0
2800,1.2222,107200.0
2801,3.1505,102000.0
2802,3.1599,95000.0
2803,2.455,82400.0
2804,5.2606,198900.0
2805,4.3594,224200.0
2806,5.7001,205100.0
2807,3.9583,163200.0
2808,2.775,152500.0
2809,0.9702,225400.0
2810,7.723,500001.0
2811,4.7391,272800.0
2812,2.3276,166200.0
2813,4.8906,178500.0
2814,4.9464,174800.0
2815,2.4444,134100.0
2816,4.2075,183600.0
2817,2.4263,158100.0
2818,7.5412,392100.0
2819,3.369,269600.0
2820,2.1458,52400.0
2821,2.1507,221500.0
2822,3.775,163300.0
2823,1.7614,71300.0
2824,1.5208,69500.0
2825,3.9837,246000.0
2826,3.2857,130100.0
2827,7.4734,432200.0
2828,4.125,392100.0
2829,4.0,273700.0
2830,4.3176,136200.0
2831,4.2865,221100.0
2832,2.0583,64800.0
2833,1.5531,93100.0
2834,2.4667,81400.0
2835,2.375,175000.0
2836,5.4746,226400.0
2837,2.2647,216700.0
2838,6.0928,327300.0
2839,4.4597,204100.0
2840,4.4318,437500.0
2841,0.5495,91700.0
2842,2.625,155400.0
2843,5.5636,268800.0
2844,4.0556,131300.0
2845,2.5,195800.0
2846,2.1538,79700.0
2847,3.7647,127600.0
2848,4.8152,218500.0
2849,1.5417,268800.0
2850,8.5294,500001.0
2851,3.5568,191200.0
2852,6.0336,240300.0
2853,3.0021,152300.0
2854,5.8239,247500.0
2855,4.4964,238300.0
2856,4.0,263200.0
2857,4.194,293900.0
2858,4.8295,212100.0
2859,4.3164,143200.0
2860,3.5039,232400.0
2861,2.8036,211600.0
2862,2.5417,125900.0
2863,3.045,100000.0
2864,3.5484,238000.0
2865,0.9142,162500.0
2866,3.0052,242500.0
2867,7.5557,441400.0
2868,2.2054,121500.0
2869,9.4356,465600.0
2870,3.2824,304800.0
2871,5.2536,191900.0
2872,3.1592,75400.0
2873,4.3098,213500.0
2874,4.3831,209800.0
2875,2.121,144000.0
2876,5.0562,336700.0
2877,3.724,220100.0
2878,1.1806,134600.0
2879,0.536,87500.0
2880,2.5813,253100.0
2881,4.025,128100.0
2882,1.825,133000.0
2883,2.8994,66000.0
2884,3.1053,96700.0
2885,4.8316,237300.0
2886,3.6875,246400.0
2887,2.2937,72300.0
2888,2.2982,87500.0
2889,4.0132,141200.0
2890,7.7364,435800.0
2891,1.4766,52800.0
2892,1.2175,131300.0
2893,4.4094,352600.0
2894,2.3159,91600.0
2895,4.0417,458500.0
2896,2.7043,186200.0
2897,1.9718,69800.0
2898,6.2236,159700.0
2899,5.102,156500.0
2900,2.625,121200.0
2901,1.5903,165400.0
2902,1.6236,67300.0
2903,4.0156,196000.0
2904,2.3526,156300.0
2905,3.4706,99300.0
2906,3.8586,136000.0
2907,2.4886,160700.0
2908,2.5263,286400.0
2909,3.4198,351900.0
2910,2.7159,139300.0
2911,2.7234,110200.0
2912,3.4375,83300.0
2913,4.7105,275000.0
2914,3.5987,91400.0
2915,1.9805,92900.0
2916,3.6597,252300.0
2917,8.3646,397300.0
2918,4.2019,352100.0
2919,2.5238,118800.0
2920,3.5081,116700.0
2921,3.7619,127600.0
2922,3.3447,305200.0
2923,3.0465,148900.0
2924,1.858,205000.0
2925,6.9772,383300.0
2926,2.6652,164800.0
2927,3.4531,414300.0
2928,3.9444,240100.0
2929,4.6354,179200.0
2930,4.3851,160400.0
2931,2.6149,83500.0
2932,1.8472,149100.0
2933,4.3218,209100.0
2934,4.4667,190600.0
2935,3.6563,162700.0
2936,5.0941,143700.0
2937,7.7068,500001.0
2938,4.35,185000.0
2939,3.0221,93300.0
2940,2.7644,97300.0
2941,1.4712,94600.0
2942,3.1369,196900.0
2943,1.6563,57200.0
2944,6.0936,365400.0
2945,4.2593,227400.0
2946,2.1524,187500.0
2947,3.025,140600.0
2948,2.3333,130200.0
2949,2.535,174000.0
2950,2.1343,400000.0
2951,3.1062,100000.0
2952,4.7861,210700.0
2953,2.2827,70000.0
2954,2.6266,198500.0
2955,4.8304,160600.0
2956,7.6144,376200.0
2957,3.0341,89100.0
2958,2.7031,218900.0
2959,7.7307,429000.0
2960,7.8164,500001.0
2961,3.5673,136300.0
2962,2.4519,98100.0
2963,7.1221,384500.0
2964,1.1434,91300.0
2965,3.9567,251500.0
2966,5.9522,438400.0
2967,2.2156,145000.0
2968,3.6875,500001.0
2969,5.3267,140100.0
2970,4.1635,398400.0
2971,3.23,154300.0
2972,4.0524,173100.0
2973,2.0651,135400.0
2974,2.965,155700.0
2975,5.2508,292900.0
2976,2.5313,305800.0
2977,2.4956,87500.0
2978,3.7562,139700.0
2979,3.0441,185400.0
2980,3.3281,75100.0
2981,2.8285,171300.0
2982,3.1607,182000.0
2983,4.4375,370000.0
2984,2.6111,107000.0
2985,1.8633,109400.0
2986,1.1346,85400.0
2987,5.3294,300300.0
2988,2.5417,260900.0
2989,3.2386,149600.0
2990,2.6923,150000.0
2991,7.1997,253800.0
2992,6.2263,500001.0
2993,5.1048,500001.0
2994,5.5867,182500.0
2995,1.179,225000.0
2996,3.3906,237200.0
2997,2.2895,62000.0
2998,3.2708,162500.0
2999,8.5608,500001.0
